Q_id,Q_text,code_Section,op_1,op_2,op_3,op_4,correct_answer
1,What is the maximum length of a Python identifier?,Null,32,16,128,No fixed length is specified.,No fixed length is specified by default for a Python identifier.
2,What will be the output of the following code snippet?,print(2**3 + (5 + 6)**(1 + 1)),129,8,121,None of the above.,The above code will print 129 by following the BEDMAS rule of operator precedence.
3,What will be the datatype of the var in the below code snippet?,"var = 10
print(type(var))
var = ""Hello""
print(type(var))",str and int,int and int,str and str,int and str,"Initially var stores 10, and so is of type int. After that it stores “Hello” which is of type string."
4,How is a code block indicated in Python?,Null,Brackets.,Indentation.,Key.,None of the above.,A python code block is indicated through the use of indentation.
5,What will be the output of the following code snippet?,"a = [1, 2, 3]
a = tuple(a)
a[0] = 2
print(a)","[2, 2, 3]","(2, 2, 3)","(1, 2, 3)",Error.,"Since we convert a to a tuple and then try to change its content, we will get an error since tuples are immutable."
6,What will be the output of the following code snippet?,"print(type(5 / 2))
print(type(5 // 2))",float and int,int and float,float and float,int and int,The 1st expression performs standard division so the result is stored as a float type. The 2nd expression performs integer division so the result is stored as int type.
7,What will be the output of the following code snippet?,"a = [1, 2, 3, 4, 5]
sum = 0
for ele in a:
   sum += ele 
print(sum)",15,0,20,None of these,The above code calculates the sum of all elements in the list.
8,What will be the output of the following code snippet?,"count = 0
while(True):
   if count % 3 == 0:
       print(count, end = "" "")
   if(count > 15):
       break;
   count += 1",0 1 2 ….. 15,Infinite Loop,0 3 6 9 12 15,0 3 6 9 12,"The above code prints the multiples of 3 not greater than 15, and then breaks off."
9,Which of the following concepts is not a part of Python?,Null,Pointers.,Loops.,Dynamic Typing.,All of the above.,Pointers as a concept is not a part of Python.
10,What will be the output of the following code snippet?,"def solve(a, b):
   return b if a == 0 else solve(b % a, a)
print(solve(20, 50))",10,20,50,1,"The above function basically calculates the gcd of 2 numbers recursively. The gcd of 20 and 50 is 10, so the answer is A."
11,What will be the output of the following code snippet?,"def solve(a):
   a = [1, 3, 5]
a = [2, 4, 6]
print(a)
solve(a)
print(a)","[2, 4, 6]. [2, 4, 6]","[2, 4, 6], [1, 3, 5]","[1. 3. 5], [1, 3, 5]",None of these.,This is a consequence of “Pass by Object Reference” in Python.
12,What will be the output of the following code snippet?,"def func():
   global value
   value = ""Local""
   
value = ""Global""
func()
print(value)",Local,Global,None,Cannot be predicted,"We set the value of “value” as Global. To change its value from inside the function, we use the global keyword along with “value” to change its value to local, and then print it."
13,Which of the following statements are used in Exception Handling in Python?,Null,try,except,finally,All of the above,All the above statements are used for Exception Handling in Python.
14,What will be the output of the following code snippet?,"a = 3
b = 1 
print(a, b)
a, b = b, a 
print(a, b)",3 1    1 3,3 1    3 1,1 3    1 3,1 3    3 1,The above code snippet swaps 2 numbers in Python.
15,Which of the following types of loops are not supported in Python?,Null,for,while,do-while,None of the above,do-while loops are not explicitly a part of the Python language.
16,Which of the following is the proper syntax to check if a particular element is present in a list?,Null,if ele in list,if not ele not in list,Both A and B,None of the above,Both A and B are valid syntaxes to check for the presence of an element in a list.
17,What will be the output of the following code snippet?,"def thrive(n):
 if n % 15 == 0:
   print(""thrive"", end = “ ”)
 elif n % 3 != 0 and n % 5 != 0:
   print(""neither"", end = “ ”)
 elif n % 3 == 0:
   print(""three"", end = “ ”)
 elif n % 5 == 0:
   print(""five"", end = “ ”)
thrive(35)
thrive(56)
thrive(15)
thrive(39)",five neither thrive three,five neither three thrive,three three three three,five neither five neither,Multiples of both 3 and 5 prints thrive. Multiples of neither 3 nor 5 prints neither. Multiples of 3 prints three and multiple of 5 prints five.
18,What will be the output of the following code snippet?,"def check(a):
   print(""Even"" if a % 2 == 0 else ""Odd"")
   
check(12)",Even,Odd,Error,None,The program uses ternary operators to check if a given number is even or not.
19,What will be the output of the following code snippet?,"example = [""Sunday"", ""Monday"", ""Tuesday"", ""Wednesday""];
print(example[-3:-1])","['Monday', 'Tuesday']","['Sunday', 'Monday']","['Tuesday', 'Wednesday']","['Wednesday', 'Monday']",This is an example of slicing with negative indexes in a list. [-3:-1] here is equivalent to slicing the 2nd and 3rd index(1-based indexing) of the list.
20,What will be the output of the following code snippet?,"a = [1, 2]
print(a * 3)",Error,"[1, 2]","[1, 2, 1, 2]","[1, 2, 1, 2, 1, 2]",The * operator is overloaded in python to perform replication operations for lists. So the same list gets replicated 3 times in total.
21,What will be the output of the following code snippet?,"example = [""Sunday"", ""Monday"", ""Tuesday"", ""Wednesday""];
del example[2]
print(example)","['Sunday', 'Monday', 'Tuesday', 'Wednesday']","['Sunday', 'Monday', 'Wednesday']","['Monday', 'Tuesday', 'Wednesday']","['Sunday', 'Monday', 'Tuesday']",The del keyword deletes an element from a list at a given index.
22,What will be the type of the variable sorted_numbers in the below code snippet?,"numbers = (4, 7, 19, 2, 89, 45, 72, 22)
sorted_numbers = sorted(numbers)
print(sorted_numbers)",List,Tuple,String,Int,sorted() function returns a list that contains all the elements in parameters in sorted order.
23,What will be the output of the following code snippet?,"numbers = (4, 7, 19, 2, 89, 45, 72, 22)
sorted_numbers = sorted(numbers)
even = lambda a: a % 2 == 0
even_numbers = filter(even, sorted_numbers)
print(type(even_numbers))",filter,int,list,tuple,The filter function returns an object of type “filter”.
24,What will be the output of the following code snippet?,"numbers = (4, 7, 19, 2, 89, 45, 72, 22)
sorted_numbers = sorted(numbers)
odd_numbers = [x for x in sorted_numbers if x % 2 != 0]
print(odd_numbers)","[7, 19, 45, 89]","[2, 4, 22, 72]","[4, 7, 19, 2, 89, 45,72, 22]","[2, 4, 7, 19, 22, 45, 72, 89]","The above code basically forms a list containing the odd numbers in the numbers list, in sorted order."
25,What will be the output of the following code snippet?,"def is_even(number):
  message =  f""{number} is an even number"" if number % 2 == 0 else  f""{number} is an odd number""
 return message
print(is_even(54))",54 is an even number,54 is an odd number,number is an even number,number is an odd number, f strings in python are a method of formatting strings. The part enclosed in {} are replaced whatever value the parameter holds.
26,What will be the output of the following code snippet?,"dict1 = {'first' : 'sunday', 'second' : 'monday'}
dict2 = {1: 3, 2: 4}
dict1.update(dict2)
print(dict1)","{'first': 'sunday', 'second': 'monday', 1: 3, 2: 4}","{'first': 'sunday', 'second': 'monday'}","{1: 3, 2: 4}",None of the above.,The update function in python merges the contents of 2 dictionaries and stores them in the invoking dictionary.
27,What will be the output of the following code snippet?,"s = {1, 2, 3, 3, 2, 4, 5, 5}
print(s)","{1, 2, 3, 3, 2, 4, 5, 5}","{1, 2, 3, 4, 5}",None,"{1, 5}","Sets in python store only unique elements within them, without any repetition."
28,What will be the output of the following code snippet?,"a = {'Hello':'World', 'First': 1}
b = {val: k for k , val in a.items()}
print(b)","{'Hello':'World', 'First': 1}","{'World': 'Hello', 1: 'First'}",Can be both A or B,None of the above,"This is an example of dict comprehension in Python, in which we are reversing the key-value pairs from the 1st dictionary into the second."
29,Which of the following functions converts date to corresponding time in Python?,Null,strptime(),strftime(),Both A and B,None of the above,strptime() function in Python converts a date to its corresponding time in Python.
30,What will be the output of the following code snippet?,"word = ""Python Programming""
n = len(word)
word1 = word.upper()
word2 = word.lower()
converted_word = """"
for i in range(n):
 if i % 2 == 0:
   converted_word += word2[i]
 else:
   converted_word += word1[i]
print(converted_word)",pYtHoN PrOgRaMmInG,Python Programming,python programming,PYTHON PROGRAMMING,"In this code snippet, we convert every element in odd index to lower case and every element in even index to uppercase."
31,What will be the output of the following code snippet?,"a = ""4, 5""
nums = a.split(',')
x, y = nums
int_prod = int(x) * int(y)
print(int_prod)",20,45,54,"4,5","In this code snippet, we break the given string into its 2 integer components, and then find their product, considering them as integer types."
32,What will be the output of the following code snippet?,"square = lambda x: x ** 2
a = []
for i in range(5):
   a.append(square(i))
   
print(a)","[0, 1, 4, 9, 16]","[1, 4, 9, 16, 25]","[0, 1, 2, 3, 4]","[1, 2, 3, 4, 5]",The above code snippet stores the 1st 5 perfect squares into a list. The perfect squares are evaluated using a lambda function.
33,What will be the output of the following code snippet?,"def tester(*argv):
   for arg in argv:
       print(arg, end = ' ')
tester('Sunday', 'Monday', 'Tuesday', 'Wednesday')",Sunday,Wednesday,Sunday Monday Tuesday Wednesday,None of the above.,"We pass a variable number of arguments into the function using *args, and then print their value."
34,"As what datatype are the *args stored, when passed into a function?",Null,List.,Tuple.,Dictionary.,None of the above.,*args are stored in Python as a tuple.
35,What will be the output of the following code snippet?,"def tester(**kwargs):
   for key, value in kwargs.items():
       print(key, value, end = "" "")
tester(Sunday = 1, Monday = 2, Tuesday = 3, Wednesday = 4)",Sunday 1 Monday 2 Tuesday 3 Wednesday 4,Sunday 1,Wednesday 4,None of the above,"We can pass multiple key-word arguments to a function using kwargs. Here, we print the arguments passed to the function in this code snippet."
36,"As what datatype are the *kwargs stored, when passed into a function?",Null,Lists.,Tuples.,Dictionary.,None of the above.,*kwargs are stored in Python as a dictionary.
37,Which of the following blocks will always be executed whether an exception is encountered or not in a program?,Null,try,except,finally,None of These,The finally block will always be executed in a program whether an exception has occurred or not.
38,What will be the output of the following code snippet?,"from math import *
a = 2.19
b = 3.999999
c = -3.30
print(int(a), floor(b), ceil(c), fabs(c))",2 3 -3 3.3,3 4 -3 3,2 3 -3 3,2 3 -3 -3.3,Option A will be the correct answer for this code snippet.
39,What will be the output of the following code snippet?,"set1 = {1, 3, 5}
set2 = {2, 4, 6}
print(len(set1 + set2))",3,6,0,Error,The code will give an error since + operator is not overloaded for sets in Python.
40,What keyword is used in Python to raise exceptions?,Null,raise,try,goto,except,The raise keyword is used in Python to throw exceptions.
41,What will be the output of the following code snippet?,"s1 = {1, 2, 3, 4, 5}
s2 = {2, 4, 6}
print(s1 ^ s2)","{1, 2, 3, 4, 5}","{1, 3, 5, 6}","{2, 4}",None of the above,The ^ operator in sets will return a set containing common of elements of its operand sets.
42,Which of the following is not a valid set operation in python?,Null,Union,Intersection,Difference,None of the above,All the above operations are valid set operations in Python.
43,What will be the output of the following code snippet?,"a = [1, 2, 3, 4]
b = [3, 4, 5, 6]
c = [x for x in a if x not in b]
print(c)","[1, 2]","[5, 6]","[1, 2, 5, 6]","[3, 4]","Above code snippet prints the values in a, which are not present in b."
44,Which of the following are valid escape sequences in Python?,Null,\n,\t,\\,All of the above,All of the above are valid escape sequences in Python.
45,Which of the following are valid string manipulation functions in Python?,Null,count(),upper(),strip(),All of the above,All of the above are valid string manipulation functions in Python.
46,Which of the following modules need to be imported to handle date time computations in Python?,Null,datetime,date,time,timedate,The datetime module needs to be imported to handle date time computations in Python.
47,How can assertions be disabled in Python?,Null,Passing -O when running Python.,Assertions are disabled by default.,Both A and B are wrong.,Assertions cannot be disabled in Python.,Assertions can be disables in Python passing -O when running Python.
48,What will be the output of the following code snippet?,"a = [[], ""abc"", [0], 1, 0]
print(list(filter(bool, a)))","['abc', [0], 1]",[1],[“abc”],None of the above,"The above code filters all the elements from list a, which evaluates to boolean value true, i.e. any non empty string, list or non-zero value is accepted."
49,In which language is Python written?,Null,C++,C,Java,None of these,Python is written in the C language.
50,What will be the result of the following expression in Python “2 ** 3 + 5 ** 2”?,Null,65536,33,169,None of these,The above expression will be evaluated as 2^3 + 5^2 = 8 + 25 = 33.
